event_type,event_category,total_events,unique_users,valid_amount_count,total_amount,average_amount
add_to_cart,behavioral,252,178,114,194323.36000000002,1704.5908771929826
checkout,transaction,118,103,118,188514.24,1597.5783050847456
login,behavioral,276,200,134,201875.52,1506.5337313432835
logout,behavioral,213,167,109,156549.95,1436.2380733944956
page_view,behavioral,233,172,122,200931.77,1646.9817213114752
profile_update,behavioral,255,190,131,218347.13999999998,1666.7720610687022
search,behavioral,251,184,118,187909.92,1592.4569491525424
wishlist_add,behavioral,260,196,138,224949.47,1630.0686231884058
