month,total_sales,average_daily_sales,average_active_users,total_new_customers,reporting_days
2023-06,1817938.8900000001,60597.963,275.73333333333335,221,30
2023-07,1776782.76,57315.57290322581,268.2258064516129,265,31
2023-08,1670106.48,53874.40258064516,288.1290322580645,215,31
2023-09,502752.32,62844.04,226.5,64,8
